{
  "dependencies": [
    {
      "version": "1.0.0",
      "assetId": "datatype-library",
      "groupId": "7f2bffd3-3a0a-4765-ab30-2304dedcc0c2",
      "provided": false
    }
  ],
  "version": "1.0.0",
  "descriptorVersion": "1.0.0",
  "classifier": "raml",
  "main": "learnramlspec.raml",
  "assetId": "student-file",
  "groupId": "7f2bffd3-3a0a-4765-ab30-2304dedcc0c2",
  "name": "student-file",
  "organizationId": "7f2bffd3-3a0a-4765-ab30-2304dedcc0c2",
  "apiVersion": "v1",
  "tags": [],
  "originalFormatVersion": "1.0"
}