{
  "dependencies": [
    {
      "version": "1.0.1",
      "assetId": "error",
      "groupId": "3bbefb82-219c-404f-ac8c-bea7d88bc9a9",
      "provided": false
    }
  ],
  "version": "2.2.0",
  "descriptorVersion": "1.0.0",
  "classifier": "raml",
  "main": "book-my-hotel-api.raml",
  "assetId": "book-my-hotel-api",
  "groupId": "3bbefb82-219c-404f-ac8c-bea7d88bc9a9",
  "name": "book-my-hotel-api",
  "organizationId": "3bbefb82-219c-404f-ac8c-bea7d88bc9a9",
  "apiVersion": "v2",
  "tags": [],
  "originalFormatVersion": "1.0"
}