{"main":"uho-basic-auth-security-scheme.raml","name":"uho-basic-auth-security-scheme","groupId":"1799a9ea-eb91-4745-b5ab-45d7813078b9","assetId":"uho-basic-auth-security-scheme","version":"1.0.0","classifier":"raml-fragment","tags":[],"descriptorVersion":"1.0.0","organizationId":"1799a9ea-eb91-4745-b5ab-45d7813078b9","apiVersion":"v1","originalFormatVersion":"1.0","metadata":{"projectId":"bf0a4c06-b514-4770-aca5-6442dfe0d85c","branchId":"master","commitId":"292610ed7dfdd6f69d8be61def82c7109b5cfe1c"}}