{
  "dependencies": [
    {
      "version": "1.0.0",
      "assetId": "uho-common-data-types-library",
      "groupId": "1799a9ea-eb91-4745-b5ab-45d7813078b9",
      "provided": false
    },
    {
      "version": "1.0.0",
      "assetId": "x-transaction-id-header",
      "groupId": "1799a9ea-eb91-4745-b5ab-45d7813078b9",
      "provided": false
    },
    {
      "version": "1.0.0",
      "assetId": "x-correlation-id-header",
      "groupId": "1799a9ea-eb91-4745-b5ab-45d7813078b9",
      "provided": false
    },
    {
      "version": "1.0.0",
      "assetId": "uho-basic-auth-security-scheme",
      "groupId": "1799a9ea-eb91-4745-b5ab-45d7813078b9",
      "provided": false
    }
  ],
  "version": "1.0.0",
  "descriptorVersion": "1.0.0",
  "classifier": "raml",
  "main": "uhub-sapi.raml",
  "assetId": "uhub-sapi",
  "groupId": "1799a9ea-eb91-4745-b5ab-45d7813078b9",
  "name": "uhub-sapi",
  "organizationId": "1799a9ea-eb91-4745-b5ab-45d7813078b9",
  "apiVersion": "v1",
  "tags": [],
  "originalFormatVersion": "1.0"
}