{"main":"uho-common-data-types-library.raml","name":"uho-common-data-types-library","groupId":"1799a9ea-eb91-4745-b5ab-45d7813078b9","assetId":"uho-common-data-types-library","version":"1.0.0","classifier":"raml-fragment","tags":[],"descriptorVersion":"1.0.0","organizationId":"1799a9ea-eb91-4745-b5ab-45d7813078b9","apiVersion":"v1","originalFormatVersion":"1.0","metadata":{"projectId":"acb6a746-9c39-473c-9d8a-274c377ec808","branchId":"master","commitId":"7e1731ef4526d46ddb39ca0b56ff2a07cb0543c9"}}